month,year,ID,tempmax,tempmin,temp,dew,humidity,windgust,windspeed,winddir,sealevelpressure,cloudcover,visibility,solarradiation,solarenergy,weather-condition
11,2022,1323,79.9,50.1,65.3,41.5,46.2,18.6,13.9,81.0,1014.2,4.9,9.3,230.0,19.9,clear-day
12,2022,1362,89.6,50.1,71.6,50.1,50.6,11.2,10.3,285.4,1018.2,4.3,7.1,214.8,18.7,clear-day
3,2022,1079,95.1,69.9,81.9,44.3,30.1,19.7,9.2,308.5,1009.9,61.7,6.5,240.5,20.8,partly-cloudy-day
5,2022,1148,93.3,72.6,81.7,66.2,61.8,27.1,20.8,264.7,1007.7,19.6,7.8,315.2,27.3,clear-day
11,2023,1694,85.4,67.4,73.5,62.9,71.2,18.8,15.2,158.2,1012.0,70.9,10.2,139.4,12.1,rain
8,2022,1213,84.3,70.8,76.2,70.9,84.3,18.3,13.9,267.4,1007.0,84.1,6.4,198.6,17.2,rain
3,2023,1439,83.7,62.7,69.8,58.8,70.6,21.3,11.4,106.5,1011.5,73.0,5.3,192.9,16.7,rain
2,2023,1411,93.3,48.3,74.1,33.7,28.0,13.0,9.2,119.4,1015.1,0.0,6.7,263.2,22.7,clear-day
8,2023,1591,80.7,70.1,74.3,69.2,84.3,25.5,17.9,250.1,1007.9,92.1,10.8,212.3,18.2,rain
5,2022,1133,98.7,72.4,84.3,64.2,56.0,22.6,17.2,267.5,1005.6,32.4,6.9,262.8,22.6,partly-cloudy-day
5,2023,1499,96.9,74.0,84.3,63.6,55.3,25.1,18.1,274.0,1008.5,15.2,6.8,313.5,27.0,clear-day
7,2022,1209,86.1,71.7,78.0,71.9,82.3,9.4,8.1,280.0,1010.4,75.3,6.5,217.3,18.7,rain
4,2023,1477,93.5,68.1,79.9,54.0,46.5,22.6,11.9,284.1,1007.4,19.6,8.2,294.6,25.5,clear-day
2,2022,1055,91.4,50.1,74.8,41.5,34.6,21.3,10.3,335.9,1015.0,5.5,7.9,251.5,21.8,clear-day
2,2023,1420,93.3,59.1,77.2,37.1,28.4,6.9,6.9,240.8,1015.4,14.0,6.7,273.6,23.5,clear-day
8,2023,1604,84.3,69.0,74.3,68.9,84.2,22.8,16.3,255.2,1007.7,51.4,11.2,233.1,20.1,rain
11,2023,1682,89.0,62.0,73.7,49.9,46.0,9.4,6.7,65.8,1013.3,46.9,10.8,223.3,19.3,partly-cloudy-day
7,2023,1552,80.9,72.4,75.3,71.8,89.1,35.1,21.5,229.8,1002.0,96.7,5.5,101.0,8.7,rain
1,2023,1367,85.4,48.3,68.0,47.9,53.6,16.8,8.1,94.8,1017.7,0.4,5.4,209.5,18.1,clear-day
7,2022,1192,77.1,68.6,72.6,70.2,92.5,35.6,21.9,267.0,1006.1,96.6,4.2,7.1,0.6,rain
10,2022,1291,86.1,69.3,75.6,71.6,87.8,6.3,9.2,348.7,1012.7,69.7,6.4,223.5,19.3,rain
1,2023,1395,85.1,55.5,70.8,55.6,62.7,24.6,11.4,67.7,1015.8,9.0,4.9,234.8,20.1,clear-day
3,2022,1060,93.3,57.3,77.5,43.7,33.5,21.9,9.6,72.3,1014.6,29.5,6.8,228.3,18.1,partly-cloudy-day
10,2023,1640,85.4,66.3,75.0,68.5,81.8,15.2,9.6,293.9,1009.4,55.3,10.1,267.3,22.9,rain
12,2023,1723,87.3,63.8,73.7,43.8,36.2,8.7,7.4,71.5,1015.9,0.3,13.4,215.5,18.6,clear-day
5,2023,1485,84.3,67.2,76.6,58.9,57.9,16.1,15.7,276.7,1007.5,57.9,7.2,298.9,25.8,partly-cloudy-day
9,2023,1631,79.8,69.7,73.9,71.0,91.1,16.6,11.4,262.3,1008.4,89.1,9.6,198.4,17.1,rain
3,2024,1791,88.1,60.3,73.5,26.6,19.6,10.7,10.1,291.7,1012.4,0.0,15.0,279.1,24.5,clear-day
12,2022,1363,88.8,53.7,72.8,48.9,46.4,15.0,9.2,269.5,1019.1,5.0,6.5,214.5,18.8,clear-day
10,2023,1644,90.6,68.1,76.4,68.6,79.4,16.1,11.0,304.1,1009.2,17.2,10.8,267.5,23.0,rain
7,2022,1196,80.7,71.5,74.9,72.3,91.9,30.4,21.5,226.1,1002.4,86.7,3.4,162.2,14.0,rain
8,2023,1588,79.4,69.9,73.9,68.9,85.0,23.3,19.0,256.5,1008.5,70.7,10.8,243.2,21.0,rain
4,2022,1090,100.5,62.7,83.5,40.5,27.0,22.8,13.9,265.7,1010.8,0.4,7.3,314.1,27.2,clear-day
2,2023,1412,92.5,51.9,74.8,34.7,29.2,12.8,10.3,63.5,1014.3,0.1,6.5,267.1,23.3,clear-day
7,2022,1181,84.4,72.8,76.3,71.2,85.0,27.7,16.1,242.2,1005.0,89.9,5.8,80.1,7.0,rain
12,2023,1716,76.9,59.6,67.5,51.8,58.3,22.1,16.6,93.8,1015.1,61.8,10.8,169.6,14.7,partly-cloudy-day
12,2022,1357,86.2,53.9,67.7,41.3,42.8,11.4,6.9,270.4,1013.8,1.4,6.9,218.3,18.6,clear-day
9,2022,1264,78.9,66.3,71.9,68.4,89.2,20.6,15.0,252.2,1010.6,80.6,6.5,176.3,15.3,rain
6,2022,1158,96.9,75.3,84.7,69.9,63.6,21.5,16.1,267.2,1006.9,53.0,7.0,241.7,20.8,rain
3,2022,1069,93.3,62.7,77.7,53.0,45.4,19.9,17.2,97.1,1012.8,27.1,6.9,233.7,20.1,rain
1,2023,1380,86.1,52.8,67.6,45.6,50.1,10.7,9.2,266.1,1014.3,6.8,6.5,227.0,19.4,clear-day
5,2022,1131,97.8,74.0,85.1,68.7,61.5,21.3,18.3,270.4,1005.2,50.4,7.0,290.8,25.1,partly-cloudy-day
2,2022,1044,84.3,53.7,70.2,45.8,46.2,16.3,13.9,273.8,1012.5,4.4,6.3,236.4,20.6,clear-day
3,2022,1070,91.5,59.1,77.8,50.3,42.9,14.3,10.3,86.1,1012.6,8.8,6.9,266.0,23.1,clear-day
5,2023,1494,102.1,76.4,90.1,55.7,36.7,21.5,16.3,312.5,1006.6,33.7,9.0,309.8,26.8,partly-cloudy-day
3,2023,1426,93.3,56.6,78.2,42.1,30.7,8.5,8.7,92.6,1016.8,5.5,11.9,271.0,23.6,clear-day
8,2023,1593,80.1,69.3,74.6,68.1,80.9,22.6,18.6,267.7,1008.6,78.1,10.8,265.7,23.0,rain
10,2022,1299,86.1,59.3,71.8,54.1,57.2,13.2,6.9,97.0,1015.5,3.3,6.6,247.8,21.3,clear-day
5,2022,1135,100.5,72.9,86.4,62.0,51.0,18.3,12.8,288.7,1006.6,12.1,7.0,313.3,27.0,clear-day
3,2022,1082,98.7,74.6,85.1,40.5,22.2,23.5,9.2,314.6,1008.6,45.8,7.2,281.8,24.4,partly-cloudy-day
6,2022,1165,93.3,73.7,82.3,67.8,64.4,21.5,16.1,247.3,1007.2,60.3,6.7,269.1,23.2,partly-cloudy-day
6,2022,1164,93.3,73.7,82.6,67.9,63.9,22.6,19.7,243.0,1007.9,43.2,6.6,300.2,26.0,partly-cloudy-day
1,2022,1028,82.5,49.2,65.3,40.6,43.7,11.9,6.9,96.4,1017.1,5.0,7.4,229.1,19.7,clear-day
6,2023,1528,93.8,76.9,83.9,67.1,58.7,28.9,23.0,224.9,1003.6,41.5,11.9,305.5,26.3,partly-cloudy-day
7,2022,1193,75.3,70.2,71.9,70.9,96.5,31.1,18.3,258.5,1003.1,98.7,1.5,9.1,0.7,rain
8,2022,1234,77.3,70.8,73.7,71.6,93.3,29.1,19.5,257.1,1005.7,88.2,4.1,158.1,13.6,rain
6,2023,1517,96.0,72.4,83.8,62.9,53.6,21.9,17.7,279.5,1007.7,2.8,10.8,312.4,27.0,clear-day
7,2023,1567,79.8,71.1,73.0,70.9,93.4,30.6,16.1,249.0,1003.2,98.7,2.5,13.8,1.2,rain
5,2022,1136,98.7,73.5,86.0,58.5,44.8,14.8,16.1,279.5,1005.5,10.1,6.5,313.9,27.0,clear-day
2,2023,1409,87.9,46.5,70.7,32.8,28.5,12.5,9.2,115.4,1015.6,3.8,6.9,261.6,22.4,clear-day
11,2022,1306,87.9,55.5,71.7,49.2,50.7,15.7,13.9,72.2,1014.8,0.7,6.0,246.9,21.2,clear-day
5,2022,1140,95.1,73.3,82.1,64.9,59.0,30.9,20.4,260.9,1006.7,27.7,6.6,314.1,27.1,partly-cloudy-day
2,2024,1783,84.6,57.5,70.1,19.9,15.9,10.5,8.5,296.5,1013.3,2.5,15.0,309.8,26.9,clear-day
1,2022,1006,83.4,57.1,68.6,59.6,77.0,,11.6,168.8,1014.7,27.1,2.0,198.8,17.1,partly-cloudy-day
1,2023,1382,86.1,44.7,67.7,45.3,48.4,11.6,9.2,119.3,1016.1,0.5,6.2,226.1,19.4,clear-day
1,2024,1731,83.4,62.3,70.9,54.0,59.0,15.7,10.5,266.7,1012.5,7.5,10.5,208.8,18.0,clear-day
3,2022,1073,96.9,63.6,82.7,40.2,26.9,10.7,9.2,44.6,1011.6,8.1,7.3,276.1,24.1,clear-day
10,2023,1641,90.8,67.7,76.1,66.4,74.7,13.6,10.3,309.2,1010.0,50.2,10.8,269.9,23.2,partly-cloudy-day
9,2022,1260,77.3,69.3,72.1,71.0,96.4,18.1,10.3,266.7,1010.2,88.5,3.4,201.4,17.3,rain
5,2022,1145,96.9,73.8,83.1,67.3,62.4,21.0,16.1,270.8,1009.3,29.0,6.1,311.4,27.0,partly-cloudy-day
12,2022,1336,87.7,53.7,71.5,52.7,55.0,8.1,6.3,49.8,1013.1,18.3,8.1,213.2,18.6,clear-day
8,2022,1220,80.7,71.7,74.6,72.0,91.8,34.9,19.2,216.7,999.6,96.2,4.7,44.3,3.8,rain
1,2024,1749,80.0,56.6,67.1,45.0,47.6,12.3,9.6,80.0,1015.6,33.4,10.8,227.8,19.6,partly-cloudy-day
6,2023,1519,96.0,76.2,83.1,67.8,62.7,19.2,17.0,270.4,1007.1,24.3,10.8,296.4,25.6,rain
5,2022,1132,98.7,73.5,84.7,66.2,58.2,25.3,16.1,261.7,1005.1,40.9,7.0,308.8,26.6,partly-cloudy-day
1,2023,1368,76.1,51.9,64.0,49.8,62.1,21.9,10.3,98.3,1017.7,5.5,5.0,208.3,18.0,clear-day
9,2023,1625,80.0,70.4,73.3,70.3,90.6,26.2,18.1,232.4,1004.5,82.6,6.2,207.4,17.9,rain
4,2023,1462,93.1,68.1,80.8,57.8,48.2,17.7,10.3,108.9,1013.6,68.2,6.5,254.9,21.8,rain
1,2024,1742,87.0,62.7,72.6,48.3,45.3,16.6,11.2,319.9,1015.7,0.2,10.8,217.5,18.8,clear-day
7,2023,1547,83.9,72.8,77.1,72.0,85.0,22.6,15.2,245.2,1005.3,93.9,7.6,233.8,20.1,rain
2,2022,1041,80.7,54.6,67.5,44.1,45.1,16.8,11.4,90.6,1015.9,18.8,6.9,238.4,20.6,clear-day
7,2023,1572,77.1,71.9,73.5,72.0,95.2,31.1,17.7,259.7,1005.5,100.0,1.9,58.6,5.0,rain
4,2022,1108,102.3,71.7,87.0,49.9,32.5,25.7,13.9,299.6,1011.6,30.9,7.4,297.0,25.7,partly-cloudy-day
12,2022,1338,86.2,62.7,74.8,64.2,71.5,11.6,10.3,75.8,1014.6,44.0,6.7,130.3,11.3,partly-cloudy-day
2,2022,1056,92.5,55.5,76.7,39.8,31.4,22.6,11.9,303.1,1014.7,16.5,7.3,249.2,21.6,clear-day
3,2023,1425,92.4,59.1,76.6,44.6,35.4,14.3,9.8,84.2,1016.9,3.1,6.0,269.5,23.2,clear-day
10,2022,1286,84.4,67.9,74.0,65.8,77.6,23.3,13.0,82.9,1012.4,67.1,7.3,203.6,17.4,rain
7,2023,1551,83.2,72.4,76.6,71.6,84.8,28.2,16.8,235.8,1000.7,90.3,9.9,222.4,19.2,rain
8,2022,1227,75.3,69.3,72.3,71.3,96.7,36.5,22.1,233.9,1006.2,97.9,2.0,6.2,0.6,rain
8,2022,1212,86.1,70.4,77.7,70.6,80.2,17.7,13.9,271.8,1007.8,56.0,6.6,229.5,20.0,rain
8,2023,1590,80.7,70.6,74.5,69.3,84.3,27.5,20.8,248.5,1007.0,89.6,10.8,227.7,19.6,rain
11,2022,1326,85.4,50.1,68.5,44.4,46.4,12.3,9.4,86.3,1014.3,31.7,9.3,219.1,18.9,partly-cloudy-day
1,2022,1024,73.5,39.3,59.2,38.8,49.7,14.1,6.9,79.8,1014.1,0.8,6.2,223.4,19.3,clear-day
5,2022,1139,95.1,73.5,82.6,65.9,59.6,24.4,18.3,260.1,1007.4,53.1,6.1,291.3,25.0,partly-cloudy-day
10,2023,1648,90.8,69.0,77.4,64.1,65.9,17.2,11.0,321.6,1011.4,17.7,10.8,260.8,22.5,clear-day
12,2022,1344,84.5,51.9,71.2,52.0,53.0,16.8,10.3,104.2,1013.2,34.9,6.5,191.5,16.5,partly-cloudy-day
1,2024,1744,87.0,55.5,68.4,39.7,38.5,11.6,9.6,261.7,1012.7,18.3,11.4,228.2,19.7,clear-day
1,2023,1394,81.5,53.7,69.6,59.6,73.9,18.6,6.9,295.0,1014.9,23.8,4.9,228.8,19.8,rain
2,2022,1051,89.7,50.1,73.2,37.8,32.4,16.3,10.2,319.6,1012.0,7.1,7.0,251.3,21.7,clear-day
3,2023,1442,87.9,59.1,72.8,54.7,58.2,21.3,18.3,257.7,1009.4,18.7,5.9,254.5,21.8,clear-day
12,2023,1726,86.1,61.4,72.0,48.1,45.9,6.3,6.3,75.7,1013.8,36.8,10.8,210.9,18.3,partly-cloudy-day
12,2022,1351,86.1,60.9,74.4,58.4,60.7,10.3,9.2,92.2,1014.3,17.6,6.4,205.9,17.7,clear-day
5,2023,1493,100.4,75.3,87.2,61.4,46.5,17.4,10.3,286.7,1007.7,37.8,6.2,270.0,23.1,partly-cloudy-day
11,2022,1328,84.4,51.9,70.9,52.0,53.8,12.1,10.3,90.6,1014.3,37.0,8.7,203.5,17.7,partly-cloudy-day
10,2022,1281,86.1,67.7,76.3,69.5,81.2,12.5,10.3,239.4,1010.9,51.0,6.4,220.1,19.1,rain
1,2022,1018,86.1,50.1,69.9,49.8,52.9,15.4,6.9,355.7,1015.8,4.7,6.7,209.8,18.0,clear-day
8,2023,1581,81.6,71.5,74.5,70.8,88.6,31.3,23.0,256.7,1007.6,91.2,10.0,178.2,15.4,rain
12,2023,1712,81.6,60.9,70.3,54.4,59.3,13.2,10.1,99.4,1013.8,28.1,11.4,212.2,18.2,partly-cloudy-day
3,2022,1083,97.1,70.8,84.2,46.7,30.2,17.4,13.4,286.6,1009.5,36.7,7.7,280.5,24.2,partly-cloudy-day
3,2022,1061,91.5,59.1,78.1,44.6,33.8,25.1,10.3,2.1,1014.5,28.4,6.1,228.6,18.2,partly-cloudy-day
3,2023,1424,93.3,60.9,76.3,38.5,28.7,9.6,6.9,22.5,1016.1,14.7,6.1,270.7,23.5,clear-day
3,2023,1440,84.3,60.9,73.1,58.8,63.9,17.0,9.2,276.2,1011.1,53.3,5.9,179.5,15.6,rain
7,2022,1182,82.5,71.9,75.3,71.8,89.0,26.2,18.3,251.1,1003.5,93.0,7.1,85.3,7.3,rain
2,2024,1773,87.2,60.9,73.3,41.7,34.9,20.4,12.3,321.3,1016.1,68.5,10.8,221.5,19.1,partly-cloudy-day
2,2024,1787,85.6,59.8,71.8,47.8,47.3,9.4,10.1,282.8,1011.8,0.0,15.0,265.9,22.8,clear-day
8,2022,1223,78.9,70.8,74.4,71.6,91.4,37.6,21.0,228.9,1003.4,90.7,2.1,39.5,3.4,rain
2,2023,1417,95.1,53.7,77.1,36.2,27.9,19.9,12.8,291.1,1013.2,22.5,6.3,263.6,22.6,partly-cloudy-day
10,2023,1657,90.8,69.2,78.2,62.5,60.2,14.5,10.3,123.7,1012.6,40.9,11.4,191.1,16.5,rain
11,2022,1314,84.3,57.3,71.6,52.6,53.9,16.6,12.8,65.6,1016.9,20.8,5.8,232.0,20.0,partly-cloudy-day
10,2023,1652,89.9,71.0,78.2,63.3,62.4,16.8,10.1,353.1,1010.9,55.9,10.8,214.3,18.6,rain
3,2023,1436,92.4,68.1,81.1,46.7,32.2,13.9,9.2,119.7,1011.8,66.8,6.0,249.9,21.4,partly-cloudy-day
5,2023,1486,90.6,68.1,79.1,60.8,56.9,15.4,9.2,267.8,1007.8,59.9,7.0,196.7,16.8,rain
6,2022,1176,91.5,71.7,80.0,71.6,76.8,22.6,12.8,227.0,1002.6,61.0,6.8,199.8,17.3,rain
6,2023,1543,78.0,71.5,74.2,71.3,90.7,23.7,12.3,248.5,1004.8,99.2,6.0,62.5,5.3,rain
12,2022,1356,87.9,55.5,70.7,51.4,54.6,14.1,11.4,281.7,1012.7,2.1,6.7,212.7,18.5,clear-day
6,2022,1163,93.3,73.5,81.9,68.6,65.8,23.0,15.0,242.8,1008.1,54.4,6.5,255.1,22.1,rain
9,2022,1248,86.1,69.9,77.1,71.5,83.8,10.1,12.8,290.7,1008.9,68.7,6.8,265.7,22.9,rain
5,2023,1515,100.8,76.4,88.7,58.1,40.4,21.9,19.2,300.5,1007.3,12.7,10.8,310.8,26.9,clear-day
12,2023,1703,81.8,65.4,72.2,60.6,68.7,20.4,13.2,76.6,1010.2,56.3,11.2,206.3,17.8,partly-cloudy-day
3,2022,1074,100.5,66.5,84.9,42.2,25.4,17.0,10.3,358.8,1010.1,30.9,7.4,275.7,23.9,partly-cloudy-day
4,2023,1464,95.1,71.7,83.4,57.3,44.6,8.7,15.0,130.6,1012.4,57.4,6.1,244.6,21.2,rain
2,2023,1398,83.4,51.9,69.1,43.6,43.9,12.1,6.9,100.9,1016.2,17.8,6.6,238.6,20.7,clear-day
4,2022,1104,98.7,69.9,84.7,48.8,34.3,18.3,13.9,286.1,1008.3,6.1,7.8,313.8,27.1,clear-day
4,2022,1114,100.9,73.5,88.5,48.5,29.6,25.9,12.5,307.2,1008.7,13.7,7.5,312.5,27.1,clear-day
10,2022,1296,87.9,59.1,71.7,53.8,58.2,8.9,6.9,340.2,1013.5,1.2,7.8,253.7,22.0,clear-day
4,2022,1092,102.3,69.2,85.2,48.9,32.9,23.3,14.5,306.6,1010.7,12.9,9.1,304.8,26.3,clear-day
2,2023,1404,92.5,55.5,74.0,39.9,33.7,7.8,5.8,86.2,1014.5,30.9,7.4,245.3,21.2,partly-cloudy-day
3,2022,1089,102.3,62.7,84.1,34.9,21.8,19.7,16.1,268.4,1010.9,1.8,7.1,314.0,27.1,clear-day
2,2023,1423,95.0,55.5,76.5,33.7,26.3,21.9,8.1,285.9,1015.1,0.5,6.8,275.9,23.9,clear-day
5,2023,1506,98.7,73.3,85.5,59.2,47.0,16.3,15.0,285.1,1010.4,11.4,6.6,313.3,27.0,clear-day
1,2024,1736,83.7,63.4,73.0,52.5,51.9,21.5,16.8,119.8,1014.4,24.8,11.3,198.6,17.3,partly-cloudy-day
4,2023,1481,94.3,70.6,81.4,59.0,52.6,17.4,15.7,251.5,1008.6,45.0,7.3,302.3,26.0,rain
5,2023,1487,91.5,69.0,79.9,61.9,58.3,15.0,12.8,275.9,1009.5,46.5,6.1,268.2,23.2,rain
1,2022,1011,73.5,52.8,62.2,51.9,71.5,13.2,8.1,75.8,1015.2,29.4,6.1,204.4,17.5,partly-cloudy-day
12,2022,1346,85.1,66.3,75.7,64.0,68.3,18.6,11.4,104.8,1013.0,51.9,7.5,179.0,15.4,rain
2,2022,1043,87.0,56.4,71.2,46.7,44.6,20.4,9.2,214.4,1011.6,12.3,9.9,234.3,20.2,clear-day
2,2022,1042,85.0,46.5,69.1,44.9,44.8,11.4,9.2,78.9,1014.6,2.5,7.0,235.2,20.3,clear-day
6,2022,1167,94.7,74.2,81.5,69.8,69.5,23.5,24.2,255.1,1006.2,69.5,7.1,229.6,19.6,rain
11,2023,1696,79.8,65.2,71.6,64.4,79.1,11.2,8.7,273.2,1010.1,23.8,10.6,206.0,17.8,rain
9,2023,1610,84.3,69.7,75.7,70.2,84.0,14.3,10.5,282.4,1006.8,67.2,9.6,235.4,20.4,rain
2,2023,1405,95.1,51.9,76.5,35.9,26.9,21.7,8.3,273.0,1015.3,9.2,7.4,253.3,21.9,clear-day
6,2022,1178,86.1,72.2,76.4,71.4,84.8,23.9,15.0,249.9,1006.5,77.5,6.0,258.6,22.4,rain
6,2023,1527,98.7,76.4,85.1,65.1,53.4,29.5,21.3,222.0,1001.9,34.9,10.8,276.7,24.0,partly-cloudy-day
6,2023,1536,92.6,74.6,82.3,66.2,60.1,21.5,16.8,260.7,1004.7,62.1,11.9,243.0,21.0,partly-cloudy-day
6,2022,1177,84.3,73.5,78.0,71.4,80.4,21.5,14.5,226.7,1005.0,84.0,6.6,256.8,22.2,rain
7,2023,1571,81.1,71.5,74.7,71.9,91.4,25.7,13.0,249.7,1005.5,98.4,3.0,161.7,13.8,rain
7,2023,1557,78.2,71.9,73.4,70.0,89.4,25.7,14.5,249.2,1004.8,96.7,10.1,30.3,2.8,rain
9,2022,1257,78.9,71.0,74.1,72.3,94.4,32.9,17.7,238.2,1008.5,94.5,2.0,28.8,2.4,rain
12,2022,1352,85.2,59.1,71.7,54.1,56.9,11.2,6.9,95.0,1013.4,7.8,6.7,208.3,17.9,clear-day
4,2023,1465,96.9,69.0,84.5,54.7,40.7,18.8,16.3,126.0,1012.2,52.1,7.4,221.5,19.2,rain
1,2022,1015,75.1,53.7,63.9,52.5,68.1,19.5,13.4,100.2,1016.6,12.6,9.3,205.3,17.6,clear-day
5,2023,1511,93.1,72.1,81.3,65.4,61.5,20.4,17.4,257.2,1008.9,4.9,10.8,310.3,26.9,clear-day
9,2022,1256,80.7,71.1,74.4,72.1,92.8,30.0,15.7,229.7,1007.1,93.1,2.5,37.3,3.1,rain
2,2023,1396,79.1,57.3,68.7,52.8,58.9,23.7,13.9,87.2,1016.2,17.1,5.4,208.0,18.2,clear-day
1,2023,1383,87.9,48.3,69.8,46.2,47.7,11.4,8.1,196.3,1016.0,1.1,5.8,225.4,19.4,clear-day
11,2022,1332,86.0,57.5,72.0,51.9,51.9,11.6,9.2,90.8,1012.6,9.8,9.3,215.5,18.8,clear-day
9,2023,1616,75.3,69.5,71.8,70.1,94.3,28.4,15.4,267.5,1005.3,100.0,6.5,18.6,1.6,rain
9,2023,1622,81.6,68.3,73.7,69.8,88.3,24.4,16.1,268.4,1005.8,93.6,10.6,186.8,16.1,rain
1,2023,1365,86.1,50.1,67.9,43.1,45.9,12.3,9.2,290.0,1018.0,8.5,6.6,211.2,18.2,clear-day
6,2023,1537,89.0,73.8,81.0,67.8,65.6,22.8,15.7,257.3,1004.8,72.3,10.8,231.6,20.0,partly-cloudy-day
11,2022,1324,81.5,46.5,65.5,41.8,46.3,10.5,9.2,78.2,1014.1,18.5,8.4,223.3,19.3,clear-day
3,2023,1450,89.7,60.9,75.6,51.2,48.5,21.3,11.2,290.5,1011.0,16.3,6.2,302.6,26.2,clear-day
1,2022,1009,78.9,42.9,61.2,47.0,63.6,7.6,6.3,45.7,1015.4,4.2,4.8,227.3,19.8,clear-day
9,2022,1249,89.7,70.6,79.2,71.7,79.3,8.5,9.2,349.9,1008.6,72.0,6.1,256.2,22.2,rain
1,2022,1022,71.0,54.1,61.9,51.2,69.5,25.3,15.4,280.5,1011.8,49.8,8.9,205.0,17.6,rain
8,2022,1221,80.7,71.7,74.4,72.3,93.6,34.4,18.6,228.3,998.8,96.2,1.7,70.8,6.0,rain
6,2023,1544,78.2,71.7,73.2,70.7,91.9,33.1,17.4,254.2,1005.0,99.2,4.1,48.2,4.4,rain
11,2023,1683,87.9,60.2,73.2,49.3,45.0,10.5,8.1,81.2,1013.3,6.3,11.4,228.7,19.8,clear-day
2,2024,1777,90.1,69.0,77.8,43.3,31.2,22.6,13.9,279.7,1012.9,6.3,15.0,255.6,22.1,clear-day
3,2023,1448,89.7,62.0,74.2,52.0,51.7,21.0,9.2,283.6,1011.6,5.9,6.0,299.6,25.9,clear-day
10,2023,1664,88.8,60.9,74.2,49.3,44.7,10.5,9.4,50.7,1012.6,20.3,10.8,247.3,21.2,partly-cloudy-day
7,2022,1203,78.9,70.2,73.7,70.7,90.4,27.3,16.1,256.8,1006.9,96.9,5.8,37.2,3.3,rain
8,2022,1237,82.5,67.7,74.7,69.4,84.4,13.9,11.6,270.2,1009.2,47.8,7.0,243.6,21.1,rain
4,2022,1093,103.3,69.9,87.6,49.0,30.8,22.1,10.3,297.7,1010.9,13.4,6.5,304.3,26.2,clear-day
1,2023,1393,84.3,51.9,70.7,55.2,61.7,18.8,14.1,247.6,1012.0,10.9,6.1,230.0,19.9,rain
12,2022,1355,87.1,51.9,72.2,52.6,54.8,6.5,8.1,112.9,1013.2,4.1,5.1,214.0,18.5,clear-day
5,2023,1501,98.7,72.9,84.7,63.3,54.2,21.0,15.0,281.5,1010.4,14.2,6.7,314.7,27.0,clear-day
10,2022,1284,86.1,69.2,74.8,71.4,89.6,15.7,8.1,59.4,1012.1,78.0,4.5,229.2,19.9,rain
7,2022,1184,84.3,72.9,76.6,72.6,87.9,26.6,16.1,244.9,1003.5,93.5,5.3,166.2,14.3,rain
10,2023,1643,87.2,67.2,75.2,67.8,79.2,11.4,7.6,295.0,1009.1,50.7,10.8,266.7,23.1,partly-cloudy-day
12,2023,1721,85.7,60.0,71.2,39.9,35.2,13.6,12.1,92.5,1016.0,27.2,10.8,217.0,18.6,partly-cloudy-day
6,2022,1153,98.7,72.6,84.6,58.4,50.3,24.2,18.3,279.7,1007.1,36.5,6.1,310.1,26.7,partly-cloudy-day
3,2022,1075,101.4,66.3,85.6,39.3,23.1,14.1,7.2,333.2,1009.6,3.4,7.6,279.1,24.2,clear-day
3,2023,1446,87.8,63.1,74.4,56.8,59.0,18.8,12.8,289.3,1010.8,34.7,6.5,278.1,23.9,partly-cloudy-day
5,2023,1490,91.6,71.0,81.5,64.0,58.4,18.3,13.9,298.1,1008.4,41.6,6.1,260.8,22.3,partly-cloudy-day
10,2022,1277,86.1,69.0,76.9,68.2,75.8,19.0,13.9,304.8,1009.6,71.7,7.3,194.8,17.1,rain
3,2022,1068,89.7,57.3,76.9,52.6,46.3,19.0,8.1,122.4,1013.1,26.7,6.8,227.8,19.6,rain
9,2023,1634,83.6,72.1,75.9,71.5,87.0,10.5,8.1,338.0,1006.9,82.4,7.9,200.6,17.4,rain
7,2022,1188,75.3,71.5,73.4,71.7,94.5,31.3,18.6,262.9,1005.4,99.1,3.6,31.3,2.6,rain
9,2022,1271,83.6,69.2,74.8,70.2,86.3,11.0,10.3,283.3,1009.5,67.6,6.1,258.1,22.3,rain
8,2022,1236,82.6,69.5,75.2,70.3,85.5,19.7,15.0,260.1,1009.0,65.6,6.4,255.9,22.0,rain
3,2022,1088,100.5,68.1,84.8,37.1,22.8,23.5,15.0,291.6,1010.6,1.1,6.5,310.2,26.6,clear-day
11,2023,1685,85.4,59.1,71.3,49.6,48.1,12.3,9.8,94.2,1014.1,1.0,11.9,225.8,19.6,clear-day
4,2022,1117,105.9,73.5,92.1,43.9,22.2,21.3,11.4,313.7,1008.7,40.5,6.8,301.5,26.0,partly-cloudy-day
5,2022,1125,98.7,71.7,85.9,57.0,41.8,20.6,12.8,291.5,1008.5,5.4,7.4,316.0,27.2,clear-day
10,2023,1653,90.6,69.0,78.4,62.8,61.7,15.4,9.4,358.0,1010.7,23.3,10.8,228.8,19.9,partly-cloudy-day
10,2022,1289,86.1,67.7,74.3,69.0,84.3,20.6,8.1,106.5,1013.6,82.4,7.6,216.0,18.6,rain
8,2022,1238,84.3,67.9,74.8,68.6,82.1,15.9,13.9,272.6,1009.2,54.5,7.5,266.5,23.1,rain
1,2022,1000,80.7,51.9,67.6,60.3,79.5,,10.1,93.0,1019.3,36.5,2.1,194.2,16.6,partly-cloudy-day
2,2024,1784,89.5,61.6,72.8,23.1,16.0,13.0,12.8,242.1,1011.9,0.0,15.0,270.0,23.4,clear-day
1,2023,1377,77.1,57.8,65.1,52.0,65.5,11.4,11.4,283.8,1015.4,6.0,6.2,220.6,19.1,clear-day
11,2023,1693,86.6,65.0,75.2,59.9,61.7,19.9,12.3,92.9,1012.0,9.7,10.8,212.7,18.3,clear-day
2,2024,1780,83.0,59.6,69.8,48.3,49.3,19.7,18.3,275.6,1013.3,0.5,15.0,260.0,22.5,clear-day
10,2022,1278,86.1,69.7,77.1,70.3,80.8,20.6,11.4,286.6,1007.9,86.4,6.1,84.1,7.3,rain
9,2023,1621,84.5,68.4,74.4,69.5,85.5,15.7,14.1,260.5,1005.9,73.8,10.6,256.3,22.1,rain
4,2022,1116,104.3,74.9,90.6,41.2,20.5,26.4,12.8,310.2,1008.5,24.7,7.6,316.8,27.3,partly-cloudy-day
8,2022,1228,78.9,70.2,73.6,71.4,93.0,32.9,19.0,227.0,1007.7,80.3,2.3,28.0,2.4,rain
9,2023,1611,81.8,68.8,74.2,69.1,84.5,15.2,13.0,278.3,1005.7,53.7,10.6,223.3,19.2,rain
2,2024,1772,89.7,59.3,72.5,38.9,33.2,16.6,10.3,304.8,1016.1,72.3,10.8,227.5,19.7,partly-cloudy-day
1,2024,1729,85.4,62.7,72.4,50.5,48.9,7.4,6.5,36.4,1012.7,5.7,10.8,208.4,17.9,clear-day
10,2022,1274,86.1,67.2,75.6,69.9,83.8,11.0,12.8,280.6,1010.7,31.6,6.5,259.0,22.2,rain
11,2022,1318,87.1,61.1,73.3,54.7,54.8,9.4,6.9,47.2,1015.5,14.1,7.3,227.9,19.7,clear-day
7,2023,1548,87.9,73.7,78.9,72.8,82.2,20.6,11.9,239.9,1003.1,86.9,9.7,256.5,22.3,rain
5,2022,1144,95.3,74.6,83.8,66.8,59.7,21.9,16.1,265.6,1009.5,22.8,6.1,314.6,27.3,partly-cloudy-day
12,2023,1728,87.2,60.0,72.2,49.6,48.3,7.2,4.7,71.7,1012.4,2.6,10.8,214.3,18.6,clear-day
5,2023,1500,95.1,73.5,83.6,63.7,56.1,20.8,19.7,277.0,1010.2,21.9,6.4,313.3,26.9,partly-cloudy-day
12,2023,1719,82.7,60.9,69.9,40.9,36.4,20.8,11.9,89.9,1013.9,84.2,10.8,175.9,15.2,partly-cloudy-day
8,2023,1582,78.9,71.1,74.2,69.9,86.5,31.8,23.3,258.6,1007.2,80.9,10.8,216.0,18.7,rain
1,2023,1369,77.1,55.5,65.8,54.7,68.4,19.5,8.1,97.9,1018.3,15.1,5.0,205.4,17.6,clear-day
9,2022,1268,82.5,67.6,74.2,69.0,84.9,10.7,6.9,255.9,1011.8,82.4,6.9,231.3,20.1,rain
1,2024,1734,80.9,57.5,68.9,53.1,59.0,13.9,10.3,82.9,1014.2,42.8,11.1,183.5,15.7,partly-cloudy-day
11,2022,1307,87.9,56.6,71.8,50.6,51.8,16.3,10.3,90.0,1015.7,0.0,6.0,245.2,21.2,clear-day
11,2022,1310,88.1,56.6,72.4,50.5,51.8,6.9,6.9,55.7,1016.2,29.3,6.5,225.2,19.4,partly-cloudy-day
3,2023,1444,84.3,64.1,73.4,57.0,60.0,18.3,15.0,266.2,1009.5,64.0,7.0,197.5,17.1,partly-cloudy-day
2,2022,1046,82.7,51.9,69.6,47.8,49.6,15.0,12.5,251.5,1010.6,15.1,7.9,239.2,20.9,clear-day
12,2022,1349,87.9,67.7,76.0,64.7,70.2,10.3,6.9,71.0,1013.0,24.3,7.8,201.8,17.4,rain
1,2023,1371,80.1,55.5,68.8,59.2,74.1,12.3,8.1,102.8,1019.4,13.4,4.7,208.8,18.1,clear-day
11,2023,1695,78.9,63.2,69.4,64.5,85.6,14.8,12.1,130.6,1011.5,64.3,8.5,180.8,15.5,rain
9,2022,1261,78.9,68.1,72.2,69.6,91.8,18.3,16.1,270.6,1010.6,89.3,6.5,209.0,18.2,rain
7,2022,1195,78.9,71.7,74.0,72.0,93.9,33.6,19.5,234.6,1000.9,97.5,2.4,7.1,0.6,rain
3,2024,1792,90.1,62.5,75.3,18.4,12.9,15.9,7.4,312.6,1012.8,0.0,15.0,282.6,24.8,clear-day
10,2023,1665,89.0,60.0,74.0,49.0,44.0,9.2,6.7,75.2,1012.4,3.2,10.8,246.1,21.2,clear-day
4,2022,1107,100.5,67.7,84.9,51.7,34.5,22.8,13.2,289.9,1010.5,7.5,7.3,312.5,27.0,clear-day
3,2022,1059,93.3,55.5,76.6,43.1,34.3,19.9,6.9,1.3,1014.9,12.4,6.8,230.5,18.4,clear-day
8,2023,1596,80.7,70.2,73.3,69.1,87.1,23.9,17.7,269.2,1005.8,81.6,10.5,153.3,13.2,rain
3,2023,1432,89.7,57.3,75.4,42.0,34.6,21.3,8.1,105.2,1015.1,27.0,5.6,279.7,24.0,partly-cloudy-day
4,2022,1100,100.5,69.9,85.3,49.7,32.2,21.5,12.8,291.1,1009.3,37.4,6.7,295.6,25.6,partly-cloudy-day
4,2023,1478,97.1,64.7,83.4,46.0,31.4,22.1,10.3,309.8,1007.9,29.1,6.7,300.6,26.0,partly-cloudy-day
12,2023,1711,82.5,59.3,70.2,54.0,58.6,14.1,8.1,84.9,1012.0,32.5,10.8,199.2,17.1,partly-cloudy-day
8,2023,1580,78.0,71.1,73.2,70.3,90.9,32.4,19.0,254.3,1005.8,94.4,11.1,31.1,2.6,rain
3,2023,1447,87.9,62.7,75.1,54.2,52.7,21.3,15.0,281.5,1010.8,12.4,6.2,295.9,25.6,clear-day
6,2022,1179,86.1,71.9,77.6,71.6,82.5,23.3,13.9,252.9,1004.9,80.4,6.4,255.0,22.0,rain
11,2022,1304,82.5,55.5,69.4,51.6,56.5,14.8,10.5,84.2,1015.3,0.8,7.3,250.5,21.6,clear-day
2,2023,1422,92.5,53.7,76.2,35.0,27.1,21.5,8.1,0.7,1015.7,0.0,6.0,275.4,23.7,clear-day
6,2023,1525,97.8,76.4,84.1,68.7,62.4,24.2,15.0,241.9,1003.5,35.7,9.6,234.5,20.1,rain
2,2024,1763,90.6,60.2,75.2,47.9,40.9,16.1,7.6,54.0,1016.8,6.7,10.8,234.0,20.1,clear-day
5,2022,1149,95.1,73.3,82.6,66.6,61.0,22.8,16.1,263.5,1007.6,17.1,7.0,312.3,27.1,clear-day
5,2022,1124,98.8,71.7,85.7,54.6,39.8,20.1,13.9,292.9,1009.5,7.9,7.2,319.3,27.6,clear-day
9,2023,1630,83.6,69.5,73.8,71.2,92.1,17.4,10.5,261.1,1008.3,86.3,9.5,139.2,12.1,rain
11,2023,1690,85.2,60.9,72.5,51.9,50.3,11.4,8.3,74.9,1012.2,3.5,10.8,221.0,19.1,clear-day
7,2022,1185,82.5,72.2,75.5,71.7,88.4,26.4,16.1,252.0,1001.6,95.4,3.5,23.8,2.2,rain
6,2023,1538,93.3,73.3,81.8,68.3,66.0,20.8,19.5,251.0,1004.1,60.9,10.8,256.5,22.1,rain
2,2022,1050,87.9,61.8,73.3,42.5,37.8,16.1,9.6,309.6,1012.0,25.8,10.0,250.2,21.7,partly-cloudy-day
10,2023,1667,87.9,60.2,74.2,51.7,47.7,13.0,10.7,101.7,1011.9,26.7,10.8,236.4,20.4,partly-cloudy-day
2,2024,1782,82.1,56.7,67.5,40.6,44.2,17.7,10.3,304.0,1014.2,1.6,15.0,269.3,23.4,clear-day
8,2023,1579,79.8,71.3,74.4,70.6,88.2,34.0,25.3,258.6,1004.3,94.4,10.5,192.4,16.8,rain
11,2022,1321,80.7,50.1,68.2,43.9,46.6,18.8,11.4,67.0,1015.5,1.5,7.4,230.8,20.0,clear-day
12,2022,1353,86.1,51.9,70.5,46.8,47.0,10.3,6.9,86.9,1013.0,11.7,6.1,211.8,18.3,clear-day
1,2024,1732,83.6,61.1,70.2,48.9,51.8,13.6,10.1,272.4,1012.9,13.8,10.6,211.0,18.4,clear-day
5,2022,1142,95.1,74.0,83.3,66.7,59.6,28.0,24.2,257.5,1004.4,31.7,5.7,312.6,26.9,rain
1,2023,1370,77.1,60.9,68.5,61.6,80.1,18.1,9.2,98.6,1019.5,20.3,4.2,186.8,16.0,partly-cloudy-day
5,2022,1141,93.3,72.2,82.2,65.3,59.8,31.1,24.2,257.3,1004.8,25.8,7.0,314.0,27.0,rain
2,2023,1399,85.3,50.1,70.5,41.1,39.2,6.9,6.9,71.4,1014.6,24.8,7.6,241.8,21.0,partly-cloudy-day
9,2022,1263,82.5,66.1,73.3,69.2,87.7,15.2,13.9,269.8,1010.1,64.8,7.0,239.0,20.8,rain
11,2022,1320,84.3,57.3,71.1,48.4,48.9,11.6,11.4,68.1,1015.2,2.7,6.9,228.6,19.7,clear-day
1,2022,1019,86.1,55.5,70.0,46.1,47.8,15.4,13.9,283.6,1013.4,4.7,6.9,211.9,18.2,clear-day
6,2022,1172,91.5,70.2,77.9,70.8,80.8,23.5,15.0,261.8,1005.4,78.5,5.8,173.8,15.1,rain
11,2023,1692,86.3,64.8,74.9,58.2,57.0,19.7,13.6,97.5,1010.6,29.2,11.4,200.9,17.5,partly-cloudy-day
11,2022,1312,86.1,59.1,72.5,54.2,56.9,8.5,7.8,85.8,1015.7,27.0,6.0,233.1,20.0,partly-cloudy-day
1,2023,1390,82.5,51.9,69.5,48.2,49.4,20.8,9.2,46.8,1014.3,31.1,6.6,224.6,19.3,partly-cloudy-day
1,2024,1738,82.7,62.3,71.7,60.1,68.9,15.9,6.9,99.3,1014.9,44.1,10.6,163.5,14.2,rain
1,2022,1012,73.6,54.4,62.9,54.3,74.6,19.2,9.2,113.5,1014.6,26.7,6.1,195.6,16.8,partly-cloudy-day
2,2023,1407,87.9,46.5,70.6,37.2,34.7,20.8,13.9,81.1,1016.9,2.1,8.1,256.3,22.1,clear-day
2,2023,1408,86.1,46.5,70.0,38.1,35.2,21.7,12.8,102.2,1016.5,9.5,7.5,259.8,22.3,clear-day
11,2022,1305,86.1,56.6,70.7,50.0,52.1,13.9,11.6,81.6,1015.1,0.8,8.0,247.6,21.4,clear-day
12,2022,1354,86.1,50.1,71.0,49.0,50.1,9.2,6.0,88.3,1013.4,0.4,6.4,213.0,18.4,clear-day
1,2022,1025,75.3,46.7,61.2,40.8,48.8,12.8,10.3,94.7,1014.3,2.0,9.0,199.9,17.3,clear-day
8,2023,1594,79.8,69.5,74.5,68.4,81.8,22.1,18.3,273.4,1007.4,92.5,10.7,212.9,18.4,rain
6,2022,1169,91.5,73.8,80.2,70.4,73.1,26.6,20.8,238.9,1007.0,64.7,6.7,263.0,22.8,rain
2,2022,1038,87.0,50.1,69.9,54.1,62.1,15.4,12.8,284.9,1014.2,5.0,6.4,227.0,19.7,clear-day
6,2022,1175,88.1,73.8,79.6,72.3,79.5,11.6,10.3,133.1,1003.3,74.9,5.1,217.0,18.6,rain
9,2022,1245,91.5,72.2,79.9,74.0,83.1,12.3,11.4,252.7,1009.4,54.0,5.8,275.6,23.7,rain
10,2022,1298,86.1,60.2,72.5,54.7,58.0,7.2,5.8,50.2,1015.5,0.8,7.2,251.4,21.7,clear-day
2,2024,1774,87.9,59.1,74.8,44.7,36.6,14.8,13.2,82.9,1015.2,11.3,10.8,249.0,21.5,clear-day
2,2023,1416,95.1,53.7,77.3,37.3,28.1,17.7,10.3,288.1,1013.7,7.5,6.3,265.4,22.8,clear-day
6,2023,1545,76.2,71.9,73.1,71.5,94.7,34.9,20.1,249.2,1004.3,97.5,1.0,14.5,1.4,rain
9,2022,1272,87.9,69.3,75.1,70.5,86.8,12.8,10.3,298.0,1010.4,52.2,5.2,256.7,22.0,rain
9,2023,1608,90.6,71.5,79.2,68.6,71.9,13.9,10.3,304.0,1007.5,30.8,9.9,285.4,24.7,rain
6,2022,1154,98.7,72.2,84.3,63.0,54.0,23.3,16.1,276.7,1006.9,22.4,6.8,301.8,26.2,partly-cloudy-day
5,2022,1126,104.1,72.2,88.3,51.8,33.4,21.3,18.8,289.6,1007.8,15.9,8.0,317.7,27.2,clear-day
3,2023,1449,87.9,60.9,75.2,47.4,42.3,17.9,10.3,289.0,1011.4,4.6,7.1,306.8,26.5,clear-day
7,2023,1568,79.1,72.1,73.5,72.0,95.0,30.6,16.6,242.7,1002.0,98.8,1.2,18.3,1.5,rain
12,2022,1341,79.9,55.5,68.1,54.7,64.9,16.6,7.4,91.3,1015.0,43.8,6.0,196.3,17.0,partly-cloudy-day
3,2023,1430,84.5,62.7,70.2,57.9,68.8,19.5,9.2,111.0,1015.7,76.2,5.3,229.9,19.8,rain
10,2022,1287,84.3,64.3,73.5,58.8,63.9,23.3,13.9,85.0,1012.3,22.7,5.6,249.2,21.6,partly-cloudy-day
4,2022,1113,100.7,76.7,87.9,50.9,32.8,18.8,14.5,297.6,1009.5,32.7,8.9,310.5,26.6,partly-cloudy-day
2,2024,1770,89.0,56.4,72.4,39.6,34.1,17.2,12.5,290.0,1016.9,11.4,10.8,249.9,21.5,clear-day
6,2022,1173,87.9,71.7,78.4,71.8,81.4,22.8,6.9,309.1,1007.1,82.4,4.3,164.7,14.2,rain
12,2022,1359,87.0,48.3,69.3,46.8,48.4,11.4,8.1,235.4,1015.2,0.3,6.6,215.2,18.7,clear-day
1,2024,1754,85.4,51.2,68.6,36.8,33.7,11.2,8.3,73.9,1017.8,43.0,10.8,228.0,19.7,partly-cloudy-day
2,2022,1057,91.5,60.2,75.9,38.6,29.7,23.5,13.2,313.8,1014.7,7.4,9.4,252.6,21.9,clear-day
7,2023,1549,87.2,74.2,79.3,72.9,81.4,17.7,13.2,249.2,1001.3,90.2,10.8,237.2,20.5,rain
8,2022,1222,77.1,71.9,74.5,72.1,92.4,36.7,23.0,231.0,1000.1,96.2,1.8,14.3,1.2,rain
10,2022,1280,79.0,68.6,73.4,69.8,88.9,23.3,11.4,229.6,1009.0,84.6,7.0,135.1,11.7,rain
1,2022,1017,86.1,55.5,69.8,52.4,58.3,15.0,5.8,2.7,1017.2,1.8,6.5,207.5,17.8,clear-day
5,2022,1127,102.3,74.0,89.2,52.3,32.5,21.9,12.1,296.0,1006.2,27.6,7.6,289.5,25.0,partly-cloudy-day
11,2022,1322,80.0,48.3,67.0,43.4,45.7,14.3,10.3,76.1,1015.6,1.4,8.3,229.2,19.8,clear-day
9,2022,1255,82.7,70.6,75.1,72.2,91.2,25.3,15.0,247.8,1004.5,94.1,6.5,37.1,3.2,rain
6,2023,1535,90.6,74.9,81.2,66.5,62.5,21.0,16.6,256.6,1004.2,68.9,10.8,197.6,17.2,rain
4,2023,1470,98.7,66.3,82.5,55.2,44.0,20.4,8.1,264.7,1010.1,27.0,6.6,310.2,26.8,partly-cloudy-day
8,2023,1595,82.5,70.2,74.1,68.8,84.1,24.2,16.1,274.5,1006.3,96.7,9.4,62.7,5.4,rain
4,2023,1468,98.9,74.4,86.4,52.7,34.5,10.5,13.4,305.2,1011.0,62.7,6.6,267.4,23.1,rain
2,2024,1761,82.7,59.1,69.4,50.5,54.7,9.4,8.5,72.7,1016.6,24.5,11.3,228.0,19.7,partly-cloudy-day
7,2022,1190,77.1,70.2,73.1,71.2,93.9,30.2,16.6,267.7,1005.2,99.1,4.7,57.7,5.1,rain
4,2022,1115,100.5,74.0,88.8,43.6,23.3,24.2,13.9,284.3,1009.3,26.5,6.9,315.8,27.3,partly-cloudy-day
5,2023,1513,99.6,73.8,86.0,60.5,48.9,20.8,18.8,290.8,1007.6,9.3,10.8,314.6,27.2,clear-day
12,2023,1717,77.1,59.8,66.9,47.7,51.0,22.8,16.6,98.1,1015.8,81.7,10.8,178.6,15.5,partly-cloudy-day
5,2023,1495,103.4,78.9,91.6,50.8,29.2,23.3,15.4,309.5,1006.6,19.7,9.0,312.8,26.9,clear-day
4,2022,1094,104.1,74.0,87.6,55.7,41.1,13.9,13.9,265.9,1012.8,33.5,6.7,268.4,23.2,partly-cloudy-day
6,2022,1180,87.9,73.1,77.9,71.6,81.6,25.9,17.2,253.1,1004.3,81.6,6.1,169.5,14.6,rain
10,2022,1301,84.3,57.3,71.1,53.2,57.4,17.4,11.4,97.3,1015.0,10.5,6.1,244.7,21.1,clear-day
8,2023,1578,79.8,71.5,74.3,70.8,89.0,32.4,23.5,260.2,1005.3,93.6,8.5,186.5,16.1,rain
8,2023,1587,82.5,69.9,74.5,69.5,84.9,21.7,16.3,260.9,1008.9,72.2,10.8,236.8,20.2,rain
7,2023,1558,80.1,71.5,75.4,71.2,87.2,24.4,15.4,251.0,1004.5,85.6,10.0,186.1,16.3,rain
9,2023,1637,87.9,72.8,77.5,70.6,80.4,21.7,12.8,61.7,1005.6,69.7,10.3,176.3,15.1,rain
12,2023,1707,81.9,62.7,71.4,56.4,61.5,11.2,8.7,84.6,1013.1,12.0,10.8,213.7,18.4,clear-day
6,2023,1539,87.2,74.6,79.2,70.0,74.1,19.9,14.1,256.7,1003.0,91.4,10.8,134.2,11.6,rain
1,2022,1005,80.7,57.3,68.7,60.4,77.3,,5.8,317.2,1015.0,30.1,1.8,194.1,16.8,partly-cloudy-day
2,2024,1778,89.0,67.2,76.2,37.0,25.5,23.7,15.4,283.3,1013.6,18.1,15.0,259.5,22.4,clear-day
2,2022,1045,84.4,50.1,70.0,42.9,41.1,20.4,15.0,288.1,1012.1,9.3,8.1,239.1,20.7,clear-day
12,2023,1718,78.7,58.6,67.6,42.9,42.7,20.8,16.8,97.1,1015.2,78.8,10.8,194.5,16.8,partly-cloudy-day
6,2022,1157,96.9,74.0,84.0,66.7,58.6,22.6,16.1,275.2,1007.4,50.7,6.5,292.1,25.3,partly-cloudy-day
8,2023,1602,79.8,71.0,73.8,70.1,88.5,24.4,19.5,248.0,1006.8,84.0,9.8,196.6,16.9,rain
6,2022,1171,89.7,72.2,79.4,70.0,74.4,26.2,17.2,238.8,1004.1,71.1,5.7,258.9,22.2,rain
1,2022,1016,80.9,53.7,67.2,57.7,74.0,16.3,8.1,92.5,1018.5,22.6,5.5,203.3,17.6,partly-cloudy-day
2,2022,1048,87.9,55.5,72.6,50.7,48.9,13.6,10.3,163.4,1011.0,16.1,5.9,238.6,20.7,clear-day
2,2024,1767,86.1,60.0,72.4,48.2,44.7,11.0,9.6,81.5,1016.9,11.9,10.8,240.5,20.7,clear-day
12,2023,1727,86.1,53.7,71.6,48.2,46.7,6.0,5.8,40.9,1013.3,20.9,10.8,216.2,18.8,partly-cloudy-day
1,2022,1003,82.5,55.5,69.1,58.2,71.4,,6.9,104.6,1016.7,26.6,2.3,199.3,17.1,partly-cloudy-day
10,2023,1656,91.5,69.2,78.2,62.2,60.6,16.8,9.2,26.0,1012.4,15.0,11.4,244.6,21.1,clear-day
12,2023,1724,89.0,60.0,72.8,47.3,44.6,9.8,8.9,85.4,1015.4,48.3,10.8,211.8,18.3,partly-cloudy-day
11,2022,1316,82.7,55.5,70.1,55.7,63.6,17.7,10.3,102.2,1015.6,4.0,6.0,230.5,19.8,clear-day
5,2023,1507,98.7,73.5,84.8,60.7,48.5,19.0,13.9,288.0,1010.7,7.2,5.9,314.4,27.0,clear-day
7,2023,1559,81.4,72.2,75.8,71.2,86.1,26.6,17.2,250.8,1005.7,83.1,9.5,255.5,22.1,rain
4,2023,1480,95.1,72.9,82.8,61.6,54.0,18.1,16.1,275.0,1008.1,54.5,5.5,297.7,25.7,partly-cloudy-day
10,2022,1283,86.1,69.9,75.4,71.8,89.1,5.6,6.9,331.5,1011.3,69.5,6.0,156.6,13.4,rain
6,2023,1533,90.8,74.9,81.2,68.0,65.6,29.8,21.0,256.9,1005.8,66.9,10.8,250.8,21.7,rain
8,2022,1225,82.5,70.6,74.6,70.8,88.2,31.1,17.7,248.9,1006.9,77.3,4.2,166.3,14.4,rain
1,2022,1026,76.3,48.3,62.5,42.0,49.0,18.1,12.8,87.7,1015.6,0.1,7.5,221.7,19.1,clear-day
9,2023,1626,80.0,70.2,73.6,70.7,91.0,25.9,16.8,226.5,1006.3,75.2,10.8,162.7,14.1,rain
3,2023,1437,91.5,64.5,79.2,47.5,35.2,17.4,9.4,110.6,1010.6,61.0,6.1,256.0,22.1,partly-cloudy-day
12,2022,1364,86.1,51.9,69.8,47.8,50.3,13.6,11.4,301.0,1018.4,6.6,6.5,216.0,18.8,clear-day
8,2022,1229,78.5,69.9,73.3,70.6,91.6,26.8,20.4,239.5,1007.2,84.0,6.1,153.6,13.2,rain
2,2022,1037,86.1,51.9,71.0,48.6,49.3,11.6,9.2,272.2,1015.3,4.2,6.3,229.1,19.8,clear-day
2,2024,1762,86.1,57.3,71.8,48.0,46.6,15.0,12.5,92.5,1016.7,10.2,10.8,233.8,20.1,clear-day
1,2023,1374,82.5,42.9,65.5,36.6,39.8,11.4,9.2,102.6,1018.5,0.0,6.8,225.2,19.5,clear-day
4,2023,1469,99.7,68.1,81.7,54.8,44.7,18.8,16.1,107.1,1011.2,56.6,8.3,239.7,20.6,rain
2,2024,1764,89.9,63.6,75.8,49.2,42.3,15.7,11.4,296.6,1016.8,0.2,11.4,235.4,20.1,clear-day
11,2023,1675,87.0,62.7,74.6,53.3,48.9,11.6,10.1,87.6,1013.5,51.3,12.4,231.2,19.8,partly-cloudy-day
8,2023,1589,80.7,70.2,74.2,69.2,84.8,28.2,22.1,257.8,1006.6,89.6,10.8,235.0,20.2,rain
7,2022,1194,76.4,70.4,72.4,71.1,95.8,33.1,18.3,241.1,999.4,99.1,1.6,19.3,1.6,rain
11,2023,1677,88.1,64.7,76.8,59.9,57.1,15.2,11.2,88.9,1012.5,58.6,11.4,172.9,15.0,partly-cloudy-day
1,2024,1751,78.9,54.8,66.4,34.7,32.6,6.7,6.3,24.6,1015.8,20.6,11.4,231.0,19.9,partly-cloudy-day
5,2023,1503,100.5,72.8,87.1,55.0,40.5,18.3,16.1,301.7,1010.0,10.9,6.1,312.4,27.0,clear-day
2,2024,1766,89.0,60.9,74.4,49.8,46.3,20.1,11.9,323.7,1017.3,21.2,10.8,233.2,20.1,partly-cloudy-day
10,2023,1662,88.8,65.6,76.5,54.7,49.3,15.4,9.6,58.0,1013.2,49.0,10.8,244.8,21.1,partly-cloudy-day
2,2024,1765,90.6,59.1,74.9,50.2,46.1,20.1,9.8,308.7,1016.7,0.5,11.4,237.8,20.7,clear-day
6,2022,1162,88.4,72.6,79.8,69.8,72.8,20.8,15.4,239.4,1006.9,77.2,5.9,181.7,15.8,rain
7,2023,1570,79.8,71.7,73.7,71.9,94.1,29.8,15.9,255.3,1004.4,97.3,3.1,44.1,3.8,rain
6,2022,1152,96.9,75.5,84.2,64.3,55.8,24.6,15.0,274.1,1006.9,71.4,8.1,286.1,24.5,partly-cloudy-day
7,2023,1554,80.0,72.1,75.3,71.2,87.3,31.1,22.8,239.4,1004.5,93.7,7.9,151.2,13.3,rain
7,2023,1569,80.7,72.2,73.8,72.0,94.2,31.5,18.6,248.3,1002.6,98.6,1.5,37.8,3.3,rain
9,2023,1609,86.1,72.1,77.6,70.3,78.8,13.2,11.4,294.8,1007.6,57.3,9.2,254.2,22.1,rain
4,2022,1111,100.5,73.1,87.8,48.5,28.3,19.2,9.2,18.1,1009.6,43.8,6.8,239.1,20.7,partly-cloudy-day
8,2022,1226,77.1,70.1,73.3,70.9,92.0,29.3,15.4,250.8,1007.0,97.1,5.0,16.3,1.3,rain
1,2024,1759,83.2,58.2,70.2,46.0,45.7,17.7,11.0,289.8,1015.1,43.5,11.4,232.3,20.1,partly-cloudy-day
4,2022,1103,101.4,74.6,88.3,41.0,22.0,21.5,17.2,292.9,1007.4,35.3,8.6,306.9,26.4,partly-cloudy-day
2,2023,1421,93.2,51.9,76.1,36.2,28.2,15.2,6.3,299.5,1016.0,3.4,6.7,274.8,23.5,clear-day
2,2023,1419,93.3,53.7,76.9,35.4,27.1,7.2,5.8,135.4,1014.1,0.0,6.3,274.9,23.5,clear-day
4,2022,1119,102.3,76.4,88.3,49.1,29.7,21.7,21.9,268.6,1008.0,0.0,9.3,319.3,27.5,clear-day
2,2022,1053,95.1,53.7,77.2,45.4,37.1,17.4,13.9,258.1,1014.0,2.1,6.9,250.5,21.7,clear-day
6,2022,1151,96.9,72.1,84.2,66.9,59.5,23.3,15.0,278.6,1007.1,50.2,6.9,280.8,24.3,partly-cloudy-day
2,2023,1403,89.6,50.1,72.0,43.6,40.8,8.1,6.9,93.7,1014.5,3.3,6.4,249.0,21.4,clear-day
1,2024,1746,80.0,54.6,66.3,46.1,51.0,10.3,7.8,286.7,1013.6,21.7,10.8,225.4,19.4,partly-cloudy-day
7,2022,1207,84.3,70.1,75.8,71.2,86.5,15.9,11.4,273.1,1010.2,90.4,5.7,227.1,19.9,rain
11,2023,1670,87.2,61.4,73.7,52.7,50.6,11.0,8.5,80.2,1012.5,6.2,10.8,243.5,21.0,clear-day
9,2023,1615,75.3,69.9,71.8,70.8,96.6,28.4,16.1,262.0,1004.6,100.0,2.4,19.5,1.7,rain
1,2022,1008,77.1,55.8,64.1,54.2,73.3,,11.4,311.9,1014.2,33.4,3.3,184.1,15.9,rain
10,2023,1645,91.5,69.2,77.4,66.3,71.8,16.8,10.1,314.4,1010.4,10.7,10.8,265.8,22.7,clear-day
2,2022,1036,87.2,52.1,69.0,40.0,39.1,13.6,11.2,90.6,1014.3,11.1,10.8,232.1,20.2,clear-day
3,2023,1452,91.5,62.7,78.3,52.7,45.1,18.6,15.0,267.5,1010.1,2.4,7.2,301.8,26.2,clear-day
9,2022,1253,88.5,71.5,78.0,72.9,85.2,11.9,6.9,260.9,1004.5,92.5,5.9,104.5,9.0,rain
10,2022,1303,84.3,57.3,71.2,52.1,54.9,12.1,10.3,69.2,1014.7,3.7,6.3,242.3,21.0,clear-day
8,2023,1603,78.9,69.7,73.7,69.5,87.0,22.1,16.6,253.3,1007.9,71.0,9.5,231.0,20.1,rain
7,2023,1576,78.2,71.5,73.9,71.1,91.2,29.5,19.5,257.1,1004.8,92.5,7.1,95.5,8.5,rain
8,2023,1584,81.6,70.8,75.0,69.7,84.0,32.0,22.6,256.1,1005.6,84.5,10.8,248.7,21.6,rain
9,2022,1262,82.5,68.4,73.8,69.9,88.1,16.1,16.1,277.1,1010.0,83.0,7.5,235.0,20.4,rain
10,2022,1297,87.0,58.4,72.4,54.2,57.5,10.1,8.1,289.9,1013.9,0.0,6.1,252.7,22.0,clear-day
2,2023,1414,91.5,48.3,73.7,35.7,30.2,13.0,8.1,130.6,1014.0,0.6,6.7,270.8,23.3,clear-day
5,2022,1150,96.9,72.9,83.6,67.0,60.4,19.5,18.1,272.0,1006.5,37.4,8.6,300.2,25.9,partly-cloudy-day
9,2023,1632,81.8,69.3,74.7,71.4,90.1,10.7,9.8,268.1,1007.3,72.1,9.2,245.6,21.3,rain
12,2023,1705,80.5,63.6,71.0,59.4,69.9,14.8,9.4,85.8,1011.2,14.8,10.7,210.4,18.2,rain
7,2023,1550,83.6,74.0,77.4,72.1,84.0,20.6,11.6,250.4,999.8,97.5,10.8,129.3,11.2,rain
5,2023,1488,89.7,70.8,77.9,63.0,62.9,24.2,12.5,277.7,1008.7,46.5,8.0,236.0,20.2,rain
5,2022,1147,93.3,73.1,82.4,64.6,58.1,26.4,19.7,259.9,1007.9,17.5,6.5,314.4,27.3,clear-day
5,2022,1146,95.1,72.2,82.5,64.3,58.6,23.5,20.8,262.7,1008.4,20.9,7.9,316.0,27.4,partly-cloudy-day
8,2023,1585,80.0,71.5,75.2,70.0,84.0,27.1,20.6,257.2,1007.8,90.3,10.3,234.5,20.3,rain
1,2024,1735,83.7,61.4,71.4,55.9,60.9,17.2,12.8,119.2,1014.2,29.1,12.9,200.7,17.2,partly-cloudy-day
8,2023,1598,80.1,69.2,74.1,70.0,87.4,23.0,15.4,256.1,1006.5,82.8,9.8,240.3,20.9,rain
12,2022,1348,84.3,64.5,73.5,67.1,82.2,14.5,6.9,81.0,1013.9,73.4,5.8,180.3,15.6,rain
4,2023,1463,96.2,70.1,82.4,57.0,46.9,16.3,9.2,109.4,1013.7,38.6,5.6,258.2,22.3,partly-cloudy-day
11,2022,1325,82.7,48.3,67.0,42.5,45.1,12.1,9.8,82.0,1014.0,42.1,8.7,220.9,19.2,partly-cloudy-day
7,2022,1186,82.5,71.5,74.8,71.8,90.4,25.1,14.8,230.4,1002.7,94.2,6.1,68.7,5.9,rain
5,2022,1123,99.2,69.9,85.0,54.7,46.5,19.0,13.9,288.9,1009.5,1.3,6.7,317.4,27.3,clear-day
11,2023,1676,87.9,64.5,76.1,56.9,52.9,13.4,11.2,87.8,1012.3,44.7,10.8,229.0,19.7,partly-cloudy-day
5,2022,1143,96.9,74.4,83.2,66.4,59.4,28.4,19.0,255.6,1007.5,29.4,6.6,310.9,26.8,partly-cloudy-day
1,2024,1756,87.2,57.5,71.9,43.3,38.9,19.5,9.2,307.2,1016.8,46.9,11.4,233.7,20.1,partly-cloudy-day
7,2022,1197,84.3,71.9,76.8,72.2,86.3,29.3,16.1,241.8,1005.4,81.9,3.1,186.5,16.1,rain
10,2022,1279,81.5,69.0,74.4,71.3,90.5,19.2,8.1,232.7,1007.0,95.4,4.8,103.1,8.6,rain
10,2022,1293,84.3,70.4,76.3,70.5,82.7,20.8,13.9,84.8,1014.9,60.8,7.3,207.4,18.1,rain
2,2023,1400,87.0,48.3,71.1,42.9,40.1,9.8,7.6,106.4,1013.5,2.3,7.5,241.9,21.1,clear-day
5,2022,1122,98.7,72.6,84.0,63.1,55.7,21.0,15.0,284.2,1008.4,6.7,7.2,312.6,27.0,clear-day
7,2022,1183,80.9,72.6,76.1,71.2,85.2,26.2,17.7,239.4,1002.7,83.2,10.3,214.5,18.5,rain
7,2022,1202,84.3,70.1,75.6,70.6,85.2,21.9,17.2,266.8,1009.0,89.1,6.2,215.9,18.7,rain
3,2023,1438,89.6,66.3,76.5,50.2,42.7,16.8,9.2,109.5,1009.6,70.3,5.2,137.0,12.0,rain
9,2022,1246,86.1,72.9,77.7,73.4,87.0,13.2,12.8,267.8,1009.3,86.1,6.9,234.0,20.3,rain
2,2023,1415,95.1,50.1,76.9,34.2,25.5,14.3,5.8,82.6,1013.6,0.5,6.8,271.0,23.4,clear-day
12,2023,1704,80.1,63.9,70.9,61.4,73.4,19.0,11.2,85.1,1010.8,57.0,10.5,172.7,14.9,rain
5,2022,1129,104.1,74.7,88.1,62.3,48.7,24.8,16.1,292.3,1004.8,53.5,6.8,230.2,19.8,partly-cloudy-day
2,2023,1402,87.9,55.5,71.9,41.9,37.7,7.2,5.8,317.7,1013.7,4.6,6.6,247.1,21.4,clear-day
9,2023,1628,84.3,70.8,76.1,72.1,88.1,16.3,9.6,254.9,1007.0,81.8,8.9,239.3,20.8,rain
9,2023,1620,83.6,68.4,74.2,69.6,86.2,21.9,16.3,261.7,1005.8,65.4,9.2,239.5,20.5,rain
12,2023,1720,85.4,58.4,71.8,42.5,39.2,8.5,8.3,85.3,1014.2,65.3,10.8,196.0,16.9,partly-cloudy-day
8,2022,1219,82.5,71.5,75.9,72.4,89.4,27.7,10.5,239.1,1001.2,92.0,3.9,101.0,8.8,rain
12,2023,1722,87.2,61.2,72.4,41.1,33.6,11.2,8.9,85.2,1017.1,0.1,15.0,215.6,18.6,clear-day
8,2023,1606,87.2,67.7,75.3,68.6,81.3,12.3,10.1,276.4,1008.7,31.7,11.3,206.8,17.9,rain
12,2023,1725,86.8,60.0,72.2,46.6,43.9,10.5,7.8,86.1,1013.9,25.8,10.8,217.8,18.7,partly-cloudy-day
2,2024,1785,85.7,57.8,70.4,30.0,24.5,11.2,9.4,283.8,1013.0,0.6,15.0,272.8,23.4,clear-day
1,2023,1386,86.1,50.1,67.2,43.3,44.4,16.3,13.2,282.3,1014.4,1.8,7.0,226.2,19.4,clear-day
2,2024,1768,89.0,57.3,72.9,46.3,42.5,21.9,11.9,340.8,1016.0,7.3,10.8,243.7,21.0,clear-day
5,2023,1509,96.9,73.7,83.5,62.9,55.4,23.0,18.3,272.0,1009.7,13.9,8.6,312.1,27.1,clear-day
9,2022,1267,86.1,66.5,74.8,67.8,81.2,11.4,9.2,281.5,1010.1,39.1,6.8,267.4,23.0,rain
10,2023,1654,89.9,69.0,78.2,62.9,62.2,15.9,8.9,35.1,1011.9,33.0,10.8,231.6,20.0,partly-cloudy-day
3,2023,1441,87.9,59.1,72.3,56.4,62.0,22.4,11.4,184.5,1010.1,35.0,5.5,256.9,22.2,partly-cloudy-day
5,2023,1496,102.3,76.2,89.6,49.9,28.6,21.5,13.9,299.0,1007.6,13.8,6.9,316.8,27.2,clear-day
4,2022,1112,102.3,74.0,89.8,49.4,28.6,20.4,11.4,288.3,1009.5,49.7,7.1,307.1,26.4,partly-cloudy-day
8,2022,1232,78.5,70.2,73.6,69.9,88.3,27.3,19.5,262.7,1006.2,92.8,10.8,226.3,19.4,rain
11,2023,1691,85.4,60.9,72.9,54.8,55.5,12.5,8.9,98.7,1010.5,16.2,10.8,216.7,18.7,clear-day
8,2023,1607,88.1,68.4,76.6,68.9,78.8,12.8,11.2,294.7,1008.2,36.0,10.5,288.5,24.9,rain
1,2023,1373,80.7,42.9,64.7,37.2,42.4,9.6,7.2,103.2,1019.3,0.0,6.9,223.5,19.2,clear-day
8,2022,1233,78.9,71.0,74.0,70.8,89.8,30.2,18.3,263.5,1005.8,89.5,4.8,110.5,9.5,rain
9,2023,1629,79.8,70.8,74.2,71.6,91.9,12.8,7.4,257.8,1007.8,97.4,8.2,81.8,7.1,rain
11,2022,1317,87.0,57.3,72.2,54.7,56.9,13.4,8.1,72.9,1015.0,6.8,7.7,229.5,19.8,clear-day
2,2023,1410,91.5,51.9,73.4,29.2,24.4,12.8,7.2,94.0,1014.3,0.2,7.6,262.8,22.7,clear-day
12,2023,1710,84.3,60.0,71.0,54.7,59.2,11.6,7.6,320.1,1011.2,47.5,10.8,211.0,18.2,partly-cloudy-day
12,2022,1358,86.3,51.2,68.1,39.9,40.4,10.3,11.4,197.6,1013.8,1.6,7.3,217.2,18.6,clear-day
9,2022,1258,75.3,70.2,72.6,71.9,97.7,26.8,14.3,253.8,1007.8,98.8,1.8,15.7,1.3,rain
10,2022,1282,86.1,69.0,74.9,70.4,87.0,12.3,12.8,321.9,1012.5,71.5,5.7,227.5,19.7,rain
1,2023,1376,83.4,46.5,67.6,44.5,48.4,13.6,12.8,294.4,1014.5,0.2,7.4,223.8,19.4,clear-day
1,2023,1384,87.8,50.1,70.3,43.6,43.2,14.5,12.8,230.0,1015.3,9.6,6.6,226.1,19.4,clear-day
8,2022,1224,82.5,71.0,75.3,71.4,88.3,32.9,18.8,243.8,1005.6,79.0,2.9,242.7,20.9,rain
1,2024,1752,78.9,50.3,64.2,33.3,35.0,18.3,11.9,80.7,1016.2,16.7,10.8,236.4,20.4,clear-day
10,2023,1650,91.5,69.2,80.2,63.3,59.2,12.8,8.7,69.1,1012.1,27.3,10.8,259.3,22.5,partly-cloudy-day
4,2023,1472,101.3,73.5,87.8,45.9,25.7,21.7,11.4,328.6,1010.4,26.0,8.3,256.1,22.1,partly-cloudy-day
12,2022,1347,86.0,69.3,74.9,66.1,75.4,18.3,9.6,105.3,1013.6,80.4,6.7,123.8,10.6,rain
5,2023,1505,99.6,71.9,84.7,61.9,53.4,15.7,16.1,289.2,1009.9,5.9,5.9,315.6,27.0,clear-day
2,2024,1781,80.3,60.2,68.2,49.2,57.4,21.9,17.7,274.8,1013.4,3.1,15.0,264.0,22.7,clear-day
1,2024,1733,83.6,57.3,68.5,47.1,51.1,11.2,11.2,265.8,1013.3,11.9,10.7,214.3,18.6,clear-day
12,2023,1715,78.9,55.7,67.7,50.6,56.0,18.8,11.4,86.2,1013.7,23.6,10.8,201.2,17.3,partly-cloudy-day
9,2023,1619,83.4,69.0,74.2,69.3,85.4,25.1,17.4,263.0,1006.4,60.3,10.0,235.7,20.2,rain
11,2023,1678,87.9,67.4,77.1,62.6,62.7,12.3,9.2,101.5,1013.4,53.3,10.4,156.5,13.5,rain
11,2023,1671,88.8,62.0,74.7,52.1,48.1,10.7,8.5,83.7,1011.4,22.4,10.9,239.0,20.8,partly-cloudy-day
7,2023,1556,83.4,71.9,75.4,70.1,84.0,25.3,17.4,258.9,1005.7,91.6,10.8,213.4,18.3,rain
8,2023,1577,79.1,71.7,74.8,71.0,88.1,31.1,22.6,262.1,1004.6,84.1,10.5,236.3,20.4,rain
3,2022,1085,100.5,66.3,86.0,51.3,35.6,16.3,8.3,312.1,1011.8,20.2,9.0,291.9,25.2,partly-cloudy-day
8,2022,1242,91.5,72.1,78.9,72.3,81.3,8.7,15.0,332.0,1009.1,59.1,6.5,245.5,21.2,rain
6,2022,1159,95.3,73.6,83.6,70.0,67.0,16.3,17.2,259.6,1005.9,60.8,7.4,276.5,23.9,rain
6,2023,1524,98.3,75.6,85.5,68.0,59.7,25.9,20.1,251.8,1004.5,18.9,10.8,306.3,26.5,clear-day
2,2022,1035,82.5,42.9,66.7,42.0,45.8,13.9,8.1,43.7,1013.0,14.4,7.3,232.1,20.2,clear-day
6,2023,1540,84.6,72.2,78.3,69.2,74.3,24.4,19.0,247.5,1003.0,69.7,9.9,241.5,20.9,rain
6,2022,1170,86.1,73.3,77.7,70.8,80.0,29.1,19.7,249.2,1006.2,80.3,5.7,178.5,15.3,rain
11,2023,1680,88.1,63.8,75.8,55.7,52.1,16.1,10.7,80.8,1014.8,44.9,10.8,207.5,18.0,partly-cloudy-day
11,2023,1672,85.9,63.6,74.9,51.4,45.4,14.3,11.0,96.0,1011.1,56.1,11.9,227.3,19.5,partly-cloudy-day
1,2024,1745,83.6,55.5,67.3,45.1,47.4,12.1,10.3,264.3,1011.9,7.3,10.8,225.3,19.4,clear-day
4,2022,1095,102.3,72.8,87.4,56.7,41.4,26.6,12.8,303.0,1012.8,23.5,6.8,290.3,25.0,partly-cloudy-day
7,2023,1563,79.8,72.2,74.1,71.5,91.7,24.6,13.4,257.0,1002.6,99.1,6.0,63.8,5.7,rain
8,2022,1240,84.8,67.9,75.9,68.8,80.2,11.4,11.4,285.9,1010.7,77.1,6.6,232.7,20.2,rain
7,2023,1574,78.0,70.8,73.6,70.4,89.7,29.1,21.9,259.8,1006.1,86.2,8.0,170.3,14.7,rain
4,2023,1460,96.1,66.3,82.9,49.9,36.1,15.2,12.5,317.4,1010.7,23.4,6.9,257.2,22.2,rain
7,2023,1553,81.6,72.2,75.1,71.6,89.1,31.8,22.1,240.5,1003.5,95.9,6.6,80.6,7.1,rain
11,2023,1697,82.5,64.3,71.6,63.4,77.8,13.6,11.2,169.1,1010.7,27.0,10.8,200.0,17.4,rain
7,2022,1206,82.5,71.1,75.5,70.7,85.6,22.6,15.0,258.9,1009.8,83.7,6.6,133.3,11.7,rain
1,2023,1392,86.3,59.1,72.1,51.2,52.9,13.9,10.3,110.7,1013.2,1.7,6.2,234.2,20.1,clear-day
2,2023,1397,82.5,56.6,68.9,48.6,51.2,17.9,9.2,103.9,1016.3,4.6,5.8,234.7,20.2,clear-day
11,2023,1673,89.0,60.9,75.2,52.8,47.4,16.8,10.7,88.4,1011.8,56.8,10.8,224.7,19.4,partly-cloudy-day
8,2022,1217,86.1,71.3,77.3,72.0,84.3,17.9,13.9,253.7,1002.4,74.4,6.5,248.0,21.4,rain
1,2022,1004,84.2,55.5,69.4,57.6,69.8,,6.9,163.0,1015.5,13.3,2.4,195.2,16.7,clear-day
10,2023,1642,84.3,66.5,74.7,66.3,77.1,16.6,8.9,304.0,1010.4,36.9,11.9,270.5,23.4,partly-cloudy-day
12,2023,1709,85.2,62.7,72.0,55.4,58.2,8.1,6.0,25.6,1012.0,22.6,10.8,212.6,18.4,partly-cloudy-day
9,2023,1612,86.1,68.4,74.7,68.6,82.1,14.3,11.9,288.0,1005.4,50.7,11.2,217.1,18.7,rain
7,2023,1546,77.1,71.5,73.5,71.9,94.8,31.3,16.8,248.9,1005.3,98.3,1.7,37.3,3.1,rain
4,2022,1098,100.5,69.9,86.5,55.1,39.3,23.9,15.0,282.2,1009.7,12.4,7.4,306.8,26.5,clear-day
7,2023,1573,77.1,70.8,72.6,70.8,94.0,30.6,18.3,263.3,1005.9,98.5,1.7,47.4,4.1,rain
2,2023,1406,91.5,50.1,74.1,35.8,30.7,15.9,11.4,280.3,1016.2,0.8,6.9,257.8,22.3,clear-day
5,2023,1502,98.7,72.2,85.4,61.9,51.6,17.9,13.9,294.9,1011.5,15.3,6.9,313.3,27.0,clear-day
2,2022,1047,86.1,51.9,70.7,47.9,49.9,16.1,10.3,64.3,1009.8,30.8,6.8,239.9,20.9,partly-cloudy-day
2,2022,1032,89.7,46.5,71.4,45.8,44.8,11.4,8.1,284.2,1013.1,1.8,6.7,228.4,19.8,clear-day
7,2022,1200,80.7,71.0,74.4,70.9,89.0,24.4,17.4,257.7,1007.1,81.3,8.0,200.8,17.3,rain
5,2022,1134,100.5,72.6,85.1,65.0,56.1,17.4,17.2,279.3,1007.1,11.3,7.6,310.5,26.8,clear-day
1,2022,1027,77.2,46.5,62.7,40.7,47.0,15.9,8.5,96.3,1016.8,0.3,6.7,224.9,19.4,clear-day
1,2024,1753,79.8,49.4,64.6,34.8,35.8,15.7,12.8,95.6,1017.3,9.0,10.8,237.4,20.5,clear-day
8,2022,1230,80.3,70.1,73.6,70.2,89.3,24.6,16.1,248.0,1007.5,87.3,7.9,170.1,14.7,rain
5,2023,1489,89.7,71.0,80.0,62.5,57.6,11.9,12.8,302.9,1007.9,71.5,7.0,183.4,15.8,rain
1,2023,1378,80.7,44.7,63.1,47.9,61.7,11.4,5.8,327.2,1015.6,0.3,6.3,224.5,19.4,clear-day
10,2022,1288,86.1,61.8,74.4,59.0,62.0,27.7,18.3,81.7,1013.1,34.2,6.4,251.5,21.9,partly-cloudy-day
2,2023,1418,95.0,50.1,75.7,34.3,28.4,5.1,5.8,10.6,1013.2,9.4,6.4,274.4,23.5,clear-day
11,2023,1674,85.4,62.7,73.9,50.5,45.2,17.2,12.8,94.9,1013.8,71.2,11.9,216.7,18.7,partly-cloudy-day
1,2023,1391,82.5,60.9,71.4,56.1,61.3,18.3,9.2,93.9,1014.6,33.4,6.1,226.9,19.6,partly-cloudy-day
8,2023,1592,81.1,70.2,74.9,69.2,82.8,23.9,17.9,259.8,1008.5,59.0,10.8,282.0,24.3,rain
5,2023,1498,96.9,74.6,85.8,58.2,42.7,23.9,17.4,280.4,1007.5,2.6,6.7,315.5,27.1,clear-day
5,2022,1138,100.5,72.1,85.9,62.6,50.5,18.6,13.9,287.1,1005.9,38.9,8.4,264.3,22.9,partly-cloudy-day
3,2022,1062,90.7,59.1,77.3,41.3,29.8,24.6,10.1,350.0,1014.5,12.7,7.5,232.2,18.4,clear-day
4,2023,1471,100.5,70.8,86.7,45.3,28.3,16.8,9.6,301.5,1009.5,33.3,7.3,283.6,24.5,partly-cloudy-day
10,2023,1647,89.7,67.4,76.6,63.8,67.0,14.3,9.4,312.6,1011.7,5.2,10.8,263.5,22.7,clear-day
5,2022,1128,102.3,75.8,88.4,59.6,41.9,24.6,18.3,288.0,1005.2,54.8,7.0,276.0,23.9,partly-cloudy-day
2,2024,1771,87.2,56.6,72.8,41.1,35.4,18.8,11.9,272.3,1016.2,39.0,10.8,243.3,21.0,partly-cloudy-day
6,2023,1520,95.3,74.9,84.0,66.9,59.8,15.0,15.2,270.1,1006.4,8.6,10.8,308.7,26.7,clear-day
3,2022,1064,90.1,63.6,78.2,45.3,33.3,24.2,12.1,57.9,1012.1,16.9,9.4,229.3,18.1,clear-day
1,2022,1014,75.3,53.7,64.5,53.5,70.1,20.6,9.2,79.3,1015.8,19.5,6.7,205.3,17.7,clear-day
6,2022,1156,96.9,74.2,84.9,63.7,53.5,19.2,18.3,277.7,1007.0,47.4,6.1,277.7,24.0,rain
2,2022,1040,80.7,50.1,68.3,46.6,48.9,16.1,12.8,74.8,1015.3,6.3,6.9,235.0,20.2,clear-day
5,2023,1492,98.7,73.7,84.8,63.2,52.7,15.0,15.0,297.0,1006.9,56.6,6.6,181.9,15.8,rain
1,2023,1379,82.5,44.7,65.3,45.2,52.3,12.3,9.2,120.3,1014.2,14.6,6.4,225.3,19.4,clear-day
7,2022,1187,80.7,71.7,74.6,72.5,93.3,28.6,16.8,258.4,1006.0,96.6,3.8,15.6,1.3,rain
8,2022,1216,86.1,72.1,76.5,72.8,89.0,17.9,12.8,273.1,1003.5,90.2,3.9,81.0,7.0,rain
2,2022,1052,95.1,51.9,76.3,40.7,33.8,16.6,8.1,262.5,1012.6,5.7,7.3,252.1,21.8,clear-day
12,2022,1337,85.3,60.2,73.0,60.5,66.5,12.1,8.3,90.2,1014.8,37.1,5.8,144.8,12.5,partly-cloudy-day
10,2022,1295,84.3,60.2,71.8,55.1,60.5,18.3,12.1,80.7,1016.2,1.0,7.0,254.0,22.2,clear-day
12,2023,1701,85.4,66.5,74.6,62.6,68.8,21.7,13.6,103.4,1011.3,40.4,10.5,210.2,18.1,rain
9,2022,1251,86.3,71.3,77.4,73.7,88.5,15.7,9.2,92.8,1007.1,85.5,5.5,225.9,19.6,rain
4,2023,1461,95.1,71.7,83.0,51.1,35.8,15.9,11.4,63.0,1011.9,54.0,5.6,221.9,19.1,rain
4,2023,1455,88.8,63.4,75.9,49.7,42.9,22.1,10.3,290.4,1010.4,12.4,6.4,300.8,25.9,clear-day
3,2024,1790,86.8,58.7,71.6,37.2,31.9,12.1,10.7,283.4,1012.7,0.3,15.0,272.6,23.4,clear-day
9,2022,1269,84.3,67.9,74.4,69.9,86.4,11.0,12.8,279.3,1010.8,69.4,6.3,239.5,20.8,rain
7,2022,1201,80.3,70.4,73.8,70.0,88.3,23.5,14.3,258.7,1007.2,97.5,10.7,195.4,17.0,rain
6,2022,1161,89.7,74.9,78.8,71.1,78.0,23.9,24.2,258.2,1006.5,84.8,7.9,188.4,16.4,rain
7,2023,1555,81.8,72.4,76.1,71.1,85.0,30.6,20.4,251.1,1004.9,71.0,9.3,240.6,20.7,rain
2,2023,1401,88.1,51.9,72.7,43.3,39.3,13.4,11.4,306.2,1013.4,3.8,7.4,244.0,21.1,clear-day
12,2023,1702,86.1,66.3,74.7,59.4,61.1,15.0,11.4,87.9,1010.6,43.2,10.8,211.1,18.3,partly-cloudy-day
4,2023,1476,93.3,66.3,81.6,52.8,40.4,18.6,17.0,286.5,1006.5,18.2,8.2,310.3,26.9,clear-day
4,2022,1105,100.5,68.1,85.2,46.7,31.4,19.7,13.4,298.3,1007.7,1.7,7.2,319.4,27.6,clear-day
7,2023,1565,79.8,71.9,73.8,72.1,94.5,32.7,17.9,252.3,1000.6,96.7,0.9,28.3,2.4,rain
1,2023,1389,78.9,53.7,66.0,45.9,49.8,18.6,9.6,336.1,1014.0,41.8,6.5,186.5,16.1,partly-cloudy-day
1,2022,1001,80.9,58.6,68.4,60.2,76.8,,10.1,89.2,1017.3,19.3,2.4,196.0,17.0,clear-day
1,2024,1740,87.0,64.5,75.1,55.6,53.5,12.3,9.2,85.9,1014.6,21.3,10.8,209.8,18.1,partly-cloudy-day
7,2023,1561,79.8,71.9,74.6,70.3,87.1,24.8,18.1,252.3,1005.3,97.4,9.8,170.1,14.8,rain
3,2022,1080,97.8,73.5,84.4,36.2,19.4,23.7,10.7,341.9,1009.8,57.6,6.8,267.9,23.1,partly-cloudy-day
7,2022,1205,80.7,70.1,74.4,70.5,88.0,23.9,17.2,251.3,1007.6,89.9,7.6,197.8,17.2,rain
2,2022,1034,78.9,48.3,65.2,50.2,65.3,17.4,9.2,269.4,1012.3,7.2,6.0,229.4,19.9,clear-day
5,2023,1508,96.9,73.3,84.2,62.2,52.6,19.5,13.9,276.7,1009.9,14.5,5.8,312.6,27.0,clear-day
3,2023,1427,95.0,60.9,79.9,46.7,34.4,14.3,6.9,141.6,1016.7,18.3,5.4,269.0,23.3,clear-day
3,2023,1454,86.1,64.5,74.7,55.6,56.0,19.0,16.1,274.1,1009.8,36.6,5.8,264.0,22.9,partly-cloudy-day
1,2023,1366,83.4,46.5,67.6,46.5,50.6,11.0,6.9,88.4,1018.1,0.6,6.5,213.2,18.5,clear-day
4,2022,1091,99.8,62.7,84.0,44.3,29.3,22.4,16.8,282.4,1010.5,30.7,10.8,302.6,26.1,partly-cloudy-day
12,2022,1339,86.1,62.7,74.6,60.9,65.2,13.6,7.2,77.3,1014.3,21.6,6.9,212.2,18.3,partly-cloudy-day
7,2023,1564,78.2,71.7,73.8,71.8,93.6,35.1,19.7,238.1,1000.2,98.6,2.4,53.8,4.7,rain
12,2022,1345,83.4,67.4,75.2,63.3,67.4,19.5,6.9,100.2,1012.6,78.6,6.1,165.7,14.3,rain
8,2022,1241,86.1,70.6,77.0,71.6,84.3,13.2,12.8,309.1,1010.8,73.9,5.8,238.3,20.7,rain
1,2022,1013,76.2,55.5,64.9,54.1,69.8,12.1,9.2,77.9,1014.1,42.4,6.7,159.2,13.7,partly-cloudy-day
11,2022,1315,84.3,59.1,71.7,53.9,56.3,16.8,8.1,69.8,1016.5,14.3,5.3,221.5,19.1,clear-day
8,2023,1600,79.6,70.1,73.9,69.5,86.7,25.7,19.5,249.9,1005.7,80.1,11.3,237.5,20.6,rain
1,2023,1387,82.7,48.3,66.4,46.2,50.9,13.2,11.2,262.9,1013.5,0.4,7.8,227.1,19.6,clear-day
10,2022,1273,87.9,69.2,76.1,70.0,82.6,13.2,16.1,285.9,1010.5,44.7,5.7,254.0,21.8,rain
6,2022,1166,89.7,73.8,81.0,69.7,70.0,21.7,21.9,255.9,1007.0,62.7,7.2,263.0,22.6,rain
2,2024,1786,85.7,60.5,72.0,36.4,29.6,13.4,11.2,279.9,1013.3,0.4,15.0,268.3,23.4,clear-day
10,2023,1646,91.5,70.6,77.6,63.8,64.7,15.4,9.4,299.0,1011.7,6.0,10.8,265.5,22.8,clear-day
4,2023,1484,87.3,68.1,76.5,62.6,64.2,16.8,17.0,272.4,1007.0,27.6,8.9,228.5,19.6,rain
2,2024,1775,89.5,65.9,76.9,49.9,41.7,15.9,11.6,77.7,1015.3,28.6,11.4,236.2,20.3,partly-cloudy-day
5,2023,1504,100.5,73.3,86.0,62.5,51.6,15.7,17.2,287.5,1009.1,10.0,6.1,310.5,26.8,clear-day
9,2022,1243,87.9,71.3,77.4,71.6,83.9,9.6,8.1,280.0,1009.1,82.0,5.0,182.6,15.8,rain
7,2023,1566,80.1,71.5,75.2,71.7,89.2,29.1,19.9,252.6,1002.5,98.0,8.4,181.3,15.7,rain
7,2023,1562,80.7,71.9,75.2,71.0,87.0,25.1,17.4,250.3,1003.8,88.1,9.9,172.6,15.0,rain
11,2023,1686,85.7,60.0,72.5,53.2,53.2,11.6,9.4,103.6,1012.9,3.7,11.3,223.7,19.3,clear-day
7,2022,1189,80.7,70.4,73.7,71.5,93.0,32.0,16.8,266.0,1004.2,96.6,2.7,22.7,2.1,rain
12,2023,1699,82.7,65.4,72.4,63.0,74.8,14.8,11.9,237.5,1011.1,11.9,10.7,212.7,18.3,clear-day
4,2023,1475,96.9,69.0,83.3,48.3,32.8,19.9,17.2,268.2,1006.4,10.0,7.0,313.0,27.2,clear-day
11,2023,1681,88.8,62.0,73.9,50.0,45.7,13.6,10.5,87.6,1014.2,37.1,10.8,213.9,18.3,partly-cloudy-day
5,2023,1510,93.8,73.8,82.2,65.0,59.7,25.7,19.0,259.2,1009.7,11.2,10.8,311.2,26.8,rain
2,2022,1058,91.5,53.7,75.6,38.5,30.7,21.7,11.6,280.1,1014.6,1.2,7.6,255.3,22.0,clear-day
4,2023,1474,96.9,72.6,85.7,51.0,32.4,22.1,13.9,294.5,1006.7,33.3,5.7,273.7,23.7,rain
7,2023,1560,80.0,72.4,75.4,70.8,86.0,25.3,17.9,260.2,1006.3,91.6,10.2,221.2,19.2,rain
1,2024,1747,83.4,55.5,67.4,47.3,51.8,13.9,9.8,48.5,1013.7,0.6,10.8,225.2,19.4,clear-day
9,2022,1252,87.9,72.9,76.9,72.8,87.9,9.8,4.9,103.5,1006.5,85.8,6.8,222.7,19.2,rain
1,2022,1021,77.1,59.6,67.5,58.0,73.2,25.5,24.2,258.8,1011.4,35.0,6.0,186.4,16.1,rain
11,2022,1313,84.3,57.3,71.8,51.8,53.3,15.9,12.8,72.4,1016.7,10.1,5.4,233.0,20.0,clear-day
4,2023,1459,95.1,67.2,81.1,51.4,39.6,19.2,10.3,305.2,1010.0,18.7,6.7,291.9,25.0,clear-day
6,2022,1160,93.3,74.9,82.2,70.0,69.1,23.3,21.3,246.9,1006.1,75.3,6.2,264.4,22.6,rain
10,2022,1276,87.9,67.2,75.8,69.2,81.0,16.3,12.8,296.4,1010.8,65.4,8.1,242.0,20.8,rain
7,2022,1191,73.5,69.9,71.7,70.7,96.7,30.2,17.2,264.4,1006.6,100.0,2.2,43.0,3.6,rain
1,2023,1385,86.0,50.1,69.2,46.9,49.1,12.5,10.3,269.7,1015.5,3.4,5.6,225.5,19.4,clear-day
2,2023,1413,89.7,55.5,74.1,33.2,26.5,14.3,9.2,109.4,1014.5,0.0,7.5,269.9,23.3,clear-day
5,2023,1491,93.3,72.4,81.7,65.0,59.4,18.6,13.2,282.9,1007.8,40.4,7.0,142.5,12.4,rain
12,2022,1343,82.5,42.9,65.4,39.4,43.7,14.3,8.3,97.4,1013.1,27.1,6.1,203.5,17.4,partly-cloudy-day
2,2024,1769,89.7,58.2,72.9,43.5,38.4,20.8,13.9,295.4,1016.7,3.3,10.8,245.3,21.1,clear-day
11,2022,1308,86.3,55.5,72.0,52.0,54.0,18.8,9.2,104.9,1016.6,0.8,6.4,244.7,21.2,clear-day
10,2023,1661,90.6,66.3,77.3,55.9,50.7,20.6,11.6,23.6,1011.9,40.5,10.8,247.0,21.3,partly-cloudy-day
5,2022,1130,102.6,74.9,86.3,66.1,55.3,21.3,18.1,276.7,1004.4,63.2,6.9,257.4,22.2,partly-cloudy-day
10,2023,1663,89.0,61.1,74.8,50.1,45.0,8.7,6.9,48.4,1013.8,13.9,10.8,248.6,21.3,clear-day
4,2022,1099,100.5,69.9,84.9,52.6,37.9,24.2,17.9,286.8,1009.3,37.2,9.6,303.7,26.1,partly-cloudy-day
1,2023,1372,78.9,50.1,66.8,48.3,55.2,9.4,11.4,80.8,1018.4,0.0,6.6,213.2,18.4,clear-day
3,2022,1087,100.5,68.1,85.4,45.8,30.4,22.6,14.1,309.1,1010.8,4.3,6.2,302.7,26.2,clear-day
4,2023,1458,93.5,67.2,80.8,54.2,44.7,20.8,11.9,298.6,1009.9,8.6,7.3,299.5,25.7,clear-day
11,2022,1330,87.0,57.3,72.9,55.7,57.4,11.0,9.8,320.4,1010.9,2.1,8.7,212.2,18.2,clear-day
8,2022,1214,86.2,70.6,78.1,71.8,82.0,11.9,12.8,282.1,1006.0,79.5,5.8,245.6,21.3,rain
4,2023,1466,98.9,70.8,86.9,52.3,33.5,21.3,12.3,316.5,1010.4,35.3,10.8,297.4,25.7,partly-cloudy-day
5,2022,1121,98.7,72.6,84.4,62.1,53.2,22.6,17.2,278.2,1007.4,11.7,7.6,311.9,26.9,clear-day
9,2023,1614,76.9,70.6,73.0,70.6,92.6,25.1,13.9,259.2,1004.4,98.5,5.8,106.7,9.2,rain
1,2022,1020,82.5,55.5,69.4,53.9,59.7,16.6,12.8,281.1,1013.2,6.9,7.0,209.0,18.0,clear-day
12,2023,1700,83.9,66.5,74.0,62.8,70.4,23.3,13.4,102.1,1010.4,55.0,10.6,189.5,16.3,rain
3,2022,1071,93.3,60.9,78.1,39.4,29.3,11.4,7.8,97.0,1012.4,0.0,9.9,275.0,23.9,clear-day
4,2022,1106,100.5,66.8,84.9,47.5,31.3,22.1,13.9,291.3,1008.5,3.8,7.1,313.2,26.9,clear-day
9,2022,1270,84.3,69.2,75.6,70.0,83.5,8.9,12.8,276.2,1009.4,61.9,6.4,187.6,16.3,rain
3,2023,1435,93.3,60.9,79.2,45.9,34.6,15.4,11.4,101.4,1013.0,21.1,6.5,279.2,24.1,partly-cloudy-day
4,2022,1102,102.3,76.9,88.9,39.2,18.7,25.5,18.1,306.0,1007.3,24.3,8.5,304.8,26.2,partly-cloudy-day
